<?xml version="1.0" encoding="utf-8" ?>
<component name="FocusGroup" extends="Group">
    <interface>
        <field id="jumpFocusToIndex" type="integer" value="0" onChange="onFocusedChild"/>
        <field id="focusDirection" type="string" value="horiz" onChange="onDirectionChange"/>
        <field id="focusOrder" type="nodeArray" onChange="setNavigation"/>
        <field id="backAsPrevious" type="boolean" value="false"/>
        <field id="circular" type="string" value="" />
        <!-- read only -->
        <field id="currentFocusIndex" type="integer" value="0"/>

        <function name="triggerKeyEvent" />
    </interface>
    <script type="text/brightscript" uri="./FocusGroup__lib0.brs"/>
    <!-- required -->
    <script type="text/brightscript" uri="pkg:/source/utils/common/typeChecking__lib0.brs"/>
</component>
