<?rokuml version="1.0" encoding="utf-8" ?>

<component name="AutomationTask" extends="Task">
    <interface>
        <function name="UIIsInFocus"/>
        <function name="UIgetElementText"/>
        <function name="UIgetElementChildCount"/>
        <function name="UIgetElementLabelChild"/>
        <function name="UIgetAttrElementChild"/>
        <function name="UIisVisible"/>
        <function name="UIGetAttrElement"/>
        <function name="UIisInFocusElementChild"/>
        <function name="UIgetViewName"/>
        <function name="UIgetNodeData"/>
    </interface>
<script type="text/brightscript" uri="./AutomationTask.brs" />
<script type="text/brightscript" uri="pkg:/source/lib/lodash.brs"/>
<script type="text/brightscript" uri="pkg:/source/utils/common/nodes.brs"/>
<script type="text/brightscript" uri="pkg:/source/utils/common/typeChecking.brs"/>

</component>
