<?xml version="1.0" encoding="utf-8" ?>
<component name="UIProcess" extends="Group">
<interface>
    <field id="partnerApiKey" type="string" onChange="onPartnerApiKeyChanged"/>
    <field id="response" type="assocArray" />
    <field id="error" type="assocArray" />
</interface>
    <children>
        <Rectangle width="1920" height="1080" color="0x000" />
        <Label text="Choose your plan" translation="[100,120]" font = "font:LargeBoldSystemFont"/>
         <RowList 
            id = "productsRowList" 
            translation = "[ 130, 350 ]" 
            itemComponentName = "ProductItem" 
            numRows = "1" 
            itemSize = "[ 1720, 430 ]" 
            rowItemSize = "[[430, 430]]" 
            rowItemSpacing = "[[ 40, 40 ]]" 
            showRowLabel = "[false]" 
            drawFocusFeedback = "true" 
            focusBitmapBlendColor="0x10c64e"
            vertFocusAnimationStyle = "fixedFocusWrap" />
        <RokuPay 
            id="rokuPay" />
    </children>

    <script type="text/brightscript"  uri="./UIProcess.brs"/>
</component>
