<?xml version="1.0" encoding="utf-8" ?> 

<component name="ComponentConnection" extends="Group">
    <interface>
            <function name="runTask" />
    </interface>
    <script type="text/brightscript" >
    <![CDATA[
    function runTask(obj = "" as string) as string
        m.componentTask = m.top.findNode("ComponentTask")
        m.componentTask.control = "run"
        return obj
    end function
    ]]>
    </script>
    <children>
        <AutomationTask id="ComponentTask"/>
    </children>
</component>


