<?xml version="1.0" encoding="utf-8" ?>
<component name="RokuPay" extends="ChannelStore">
    <interface>
        <!-- WRITE-ONLY. ChannelStore fields:
            * requestedUserData: Specifies user data to share for GetPartialUserData function in the same format as for
	         similar roChannelStore's function (comma-separated string of needed data fields e.g. "email,zip").
            * command: Specifies a command to execute.
            * fakeServer: Enables the billing test mode (disabled by default). -->

        <!-- WRITE-ONLY. Specifies product index to purchase in the list of available products (see "products").
             Used as a parameter for PurchaseProduct function and calls it automatically. -->
        <field id="indexPurchase" type="int" alwaysNotify="true" onChange="onIndexPurchase"/>

        <!-- WRITE-ONLY. Specifies product to upgrade or downgrade:
            {
                prodIdx: [product index]
                action: [Upgrade|Downgrade]
            } -->
        <field id="upgradeDowngradeProps" type="assocarray" alwaysNotify="true" onChange="onUpgradeDowngrade"/>


        <!-- OBSERVE-ONLY. Set when GetPartialUserData function is complete (see "userDataToShare"). Value format
             is the same as for roChannelStore's GetPartialUserData result -->
        <field id="partialUserData" type="assocarray" alwaysNotify="true"/>

        <!-- OBSERVE-ONLY. Set as a result of GetProducts function call when it completes.
             Value is always an associative array:
                {
                    availForPurchase : {
                        list : [],
                        map  : {}
                    },
                    validPurchased : {
                        list : [],
                        map  : {}
                    }
                }
             where availForPurchase relates to products available for purchase,
             validPurchased - to valid purchased products. -->
        <field id="products" type="assocarray" alwaysNotify="true"/>

        <!-- OBSERVE-ONLY. Set as a result of PurchaseProduct function (see "indexPurchase"). Value is always
	         an associative array containing fields of ChannelStore's doOrder response. -->
        <field id="purchaseResult" type="assocarray" alwaysNotify="true"/>

    </interface>

    <children/>

    <script type="text/brightscript"  uri="./RokuPay.brs"/>
</component>
