<?xml version = "1.0" encoding = "utf-8" ?>
<!--********** Copyright 2016 Roku Corp.  All Rights Reserved. **********-->
<component name = "ProductItem" extends = "Group" >
 
  <interface > 
    <field id = "itemContent" type = "node" onChange = "showcontent"/>
    <field id = "focusPercent" type = "float" onChange = "showfocus"/> 
  </interface>
 
  <script type = "text/brightscript" >

    <![CDATA[

    sub init()
      m.itemlabel = m.top.findNode("itemLabel")
      m.itemPrice = m.top.findNode("itemPrice")
      m.itemAction = m.top.findNode("itemAction")
    end sub

    sub showcontent()
      itemcontent = m.top.itemContent
      m.itemlabel.text = itemcontent.description
      m.itemPrice.text = itemcontent.cost
    end sub

    sub showfocus()
      if cInt(m.top.focusPercent) = 0 then m.itemAction.color = "0x3A3A3A" else m.itemAction.color = "0x10c64e"
    end sub

    ]]>

  </script>

  <children >
    <Rectangle
        color="0x202020"
        width="430"
        height="430">
        <Rectangle
          color="0x3A3A3A"
          width="430"
          height="100">
          <Label 
            id = "itemPrice" 
            translation = "[ 20, 30 ]"
            width = "430" 
            font = "font:MediumBoldSystemFont" />
        </Rectangle>
        <Label 
            id = "itemLabel" 
            translation = "[20, 150]" 
            width = "400"
            font = "font:MediumSystemFont" />

        <Rectangle
          id = "itemAction" 
          color="0x3A3A3A"
          width="250"
          translation = "[90, 300]" 
          height="80">
          <Label 
            width="250"
            height="80"
            text="Suscribe"
            horizAlign = "center"
            vertAlign = "center"
            font = "font:MediumBoldSystemFont" />
         </Rectangle>     
        
    </Rectangle>
  </children>

</component>